user_input,idea
an idea for enhancing team performance,a platform that provides winning strategies and real-time training so team performance is enhanced through shared best practices.
an idea that has to do with fantasy sports,a daily fantasy sports experience that is simplified with an intuitive design and user-friendly interface.
an idea for a faster way to pay at a store,"an AI-powered touchless self-checkout system that scans multiple items simultaneously, reducing wait times and enhancing customer convenience."
an idea for cloud security,"a comprehensive security platform for cloud, network, and data protection, ensuring secure access to cloud applications and protecting sensitive data."
an idea for finding affordable health care plans,"a streamlined user experience to simplify the process of finding and enrolling in affordable health care plans, helping individuals and families quickly compare options and enroll in coverage."
an idea for home renovation planning,"a mobile app that transforms smartphone photos into fully measured 3D models of homes, making it easier for contractors and homeowners to plan renovations with accurate home measurements."
an idea for car sharing,"a car-sharing marketplace that allows users to rent vehicles from local hosts, offering a wide range of cars and flexible rental options as an alternative to traditional car rental services."
an idea for eco-friendly footwear,"environmentally friendly and comfortable footwear created from natural materials, with a commitment to sustainability and innovative design."
an idea for purchasing event tickets,"a user-friendly interface to help users find and purchase tickets for live events, including features like interactive seat maps and comprehensive event listings."
an idea for digitizing manufacturing processes,"a frontline operations platform designed to digitize manual processes in manufacturing and operations, allowing businesses to create custom apps for real-time monitoring and process optimization."
an idea for providing internet access in underserved regions,"next-generation internet satellites to provide affordable and reliable internet access to underserved regions, leveraging advanced satellite technology to bridge the digital divide."
an idea for telehealth services,"telehealth services with personalized treatment plans, connecting patients with doctors for online consultations and delivering prescribed medications directly to their homes."
an idea for early wage access,"a financial app that allows users to access their earned wages before payday, helping users avoid overdraft fees and payday loans while promoting financial wellness."
an idea for a peer-to-peer storage marketplace,"a peer-to-peer storage marketplace connecting people with extra storage space to those in need of storage, offering a cost-effective and convenient alternative to traditional storage units."
an idea for digital manufacturing,"a digital manufacturing ecosystem connecting engineers with manufacturers for rapid prototyping and production, streamlining the manufacturing process for faster turnaround times and higher quality."
an idea for network reliability and security,"network automation software that ensures network reliability and security, providing real-time network analysis and verification for robust network infrastructure maintenance."
an idea for API connectivity,"a next-generation API platform for modern architectures, enabling seamless connectivity between services and enhancing scalability and performance."
an idea for fraud detection in insurance,"AI-powered fraud detection solutions for the insurance industry, using machine learning to identify and prevent fraudulent claims, reducing losses for insurers."
an idea for managing digital presence,"a platform to help businesses manage their digital presence and ensure accurate information across online platforms, enhancing searchability and visibility to drive customer engagement."
an idea for biotechnology research software,"cloud-based software for biotechnology research and development, streamlining lab workflows, data management, and collaboration to accelerate biotech innovation."
an idea for simplifying global hiring,"a platform that handles global payroll, compliance, and benefits, enabling companies to employ anyone, anywhere by simplifying the complexities of international hiring for remote teams."
an idea for residential solar optimization,"solar power solutions integrating SaaS and data visualization to optimize residential solar installations, advancing sustainable energy technology."
an idea for integrating cryptocurrency in banking,"a secure and compliant platform enabling banks to offer cryptocurrency services to their customers, bridging the gap between traditional banking and digital currencies."
an idea for managing customer interactions,"a platform for local businesses to manage customer interactions and enhance their online presence with tools for messaging, reviews, and payment solutions."
an idea for an AI healthcare assistant,"an AI-powered healthcare assistant that guides users through their symptoms to find the right care, providing personalized health information to reduce uncertainty and improve outcomes."
an idea for automating data entry,"software that automates data entry by converting handwritten and typed documents into digital data with machine learning, reducing manual data entry errors and increasing processing speed."
an idea for cloud security,"a comprehensive security platform for cloud, network, and data protection, ensuring secure access to cloud applications and protecting sensitive data."
an idea for affordable healthcare plans,"a streamlined user experience to simplify the process of finding and enrolling in affordable health care plans, helping individuals and families quickly compare options and enroll in coverage."
an idea for home renovation planning,"a mobile app that transforms smartphone photos into fully measured 3D models of homes, making it easier for contractors and homeowners to plan renovations with accurate home measurements."
an idea for car sharing,"a car-sharing marketplace that allows users to rent vehicles from local hosts, offering a wide range of cars and flexible rental options as an alternative to traditional car rental services."
an idea for eco-friendly footwear,"environmentally friendly and comfortable footwear created from natural materials, with a commitment to sustainability and innovative design."
an idea for purchasing event tickets,"a user-friendly interface to help users find and purchase tickets for live events, including features like interactive seat maps and comprehensive event listings."
an idea for digitizing manufacturing processes,"a frontline operations platform designed to digitize manual processes in manufacturing and operations, allowing businesses to create custom apps for real-time monitoring and process optimization."
an idea for internet access in underserved regions,"next-generation internet satellites to provide affordable and reliable internet access to underserved regions, leveraging advanced satellite technology to bridge the digital divide."
an idea for telehealth services,"telehealth services with personalized treatment plans, connecting patients with doctors for online consultations and delivering prescribed medications directly to their homes."
an idea for early wage access,"a financial app that allows users to access their earned wages before payday, helping users avoid overdraft fees and payday loans while promoting financial wellness."
an idea for peer-to-peer storage,"a peer-to-peer storage marketplace connecting people with extra storage space to those in need of storage, offering a cost-effective and convenient alternative to traditional storage units."
an idea for digital manufacturing,"a digital manufacturing ecosystem connecting engineers with manufacturers for rapid prototyping and production, streamlining the manufacturing process for faster turnaround times and higher quality."
an idea for network reliability,"network automation software that ensures network reliability and security, providing real-time network analysis and verification for robust network infrastructure maintenance."
an idea for API connectivity,"a next-generation API platform for modern architectures, enabling seamless connectivity between services and enhancing scalability and performance."
an idea for fraud detection in insurance,"AI-powered fraud detection solutions for the insurance industry, using machine learning to identify and prevent fraudulent claims, reducing losses for insurers."
an idea for managing digital presence,"a platform to help businesses manage their digital presence and ensure accurate information across online platforms, enhancing searchability and visibility to drive customer engagement."
an idea for biotech research software,"cloud-based software for biotechnology research and development, streamlining lab workflows, data management, and collaboration to accelerate biotech innovation."
an idea for simplifying global hiring,"a platform that handles global payroll, compliance, and benefits, enabling companies to employ anyone, anywhere by simplifying the complexities of international hiring for remote teams."
an idea for solar power optimization,"solar power solutions integrating SaaS and data visualization to optimize residential solar installations, advancing sustainable energy technology."
an idea for integrating cryptocurrency,"a secure and compliant platform enabling banks to offer cryptocurrency services to their customers, bridging the gap between traditional banking and digital currencies."
an idea for managing customer interactions,"a platform for local businesses to manage customer interactions and enhance their online presence with tools for messaging, reviews, and payment solutions."
an idea for AI healthcare assistant,"an AI-powered healthcare assistant that guides users through their symptoms to find the right care, providing personalized health information to reduce uncertainty and improve outcomes."
an idea for automating data entry,"software that automates data entry by converting handwritten and typed documents into digital data with machine learning, reducing manual data entry errors and increasing processing speed."
an idea for 3D home models,"a mobile app that transforms smartphone photos into fully measured 3D models of homes, making it easier for contractors and homeowners to plan renovations with accurate home measurements."
an idea for car sharing,"a car-sharing marketplace that allows users to rent vehicles from local hosts, offering a wide range of cars and flexible rental options as an alternative to traditional car rental services."
an idea for eco-friendly footwear,"environmentally friendly and comfortable footwear created from natural materials, with a commitment to sustainability and innovative design."
an idea for event ticketing,"a user-friendly interface to help users find and purchase tickets for live events, including features like interactive seat maps and comprehensive event listings."
an idea for digitizing manufacturing,"a frontline operations platform designed to digitize manual processes in manufacturing and operations, allowing businesses to create custom apps for real-time monitoring and process optimization."
an idea for affordable internet,"next-generation internet satellites to provide affordable and reliable internet access to underserved regions, leveraging advanced satellite technology to bridge the digital divide."
an idea for personalized telehealth,"telehealth services with personalized treatment plans, connecting patients with doctors for online consultations and delivering prescribed medications directly to their homes."
an idea for early wage access,"a financial app that allows users to access their earned wages before payday, helping users avoid overdraft fees and payday loans while promoting financial wellness."
an idea for peer-to-peer storage,"a peer-to-peer storage marketplace connecting people with extra storage space to those in need of storage, offering a cost-effective and convenient alternative to traditional storage units."
an idea for rapid prototyping,"a digital manufacturing ecosystem connecting engineers with manufacturers for rapid prototyping and production, streamlining the manufacturing process for faster turnaround times and higher quality."
an idea for network security,"network automation software that ensures network reliability and security, providing real-time network analysis and verification for robust network infrastructure maintenance."
an idea for API performance,"a next-generation API platform for modern architectures, enabling seamless connectivity between services and enhancing scalability and performance."
an idea for fraud prevention,"AI-powered fraud detection solutions for the insurance industry, using machine learning to identify and prevent fraudulent claims, reducing losses for insurers."
an idea for digital presence management,"a platform to help businesses manage their digital presence and ensure accurate information across online platforms, enhancing searchability and visibility to drive customer engagement."
an idea for biotech innovation,"cloud-based software for biotechnology research and development, streamlining lab workflows, data management, and collaboration to accelerate biotech innovation."
an idea for global payroll,"a platform that handles global payroll, compliance, and benefits, enabling companies to employ anyone, anywhere by simplifying the complexities of international hiring for remote teams."
an idea for residential solar,"solar power solutions integrating SaaS and data visualization to optimize residential solar installations, advancing sustainable energy technology."
an idea for banking and cryptocurrency,"a secure and compliant platform enabling banks to offer cryptocurrency services to their customers, bridging the gap between traditional banking and digital currencies."
an idea for local business tools,"a platform for local businesses to manage customer interactions and enhance their online presence with tools for messaging, reviews, and payment solutions."
an idea for healthcare assistant,"an AI-powered healthcare assistant that guides users through their symptoms to find the right care, providing personalized health information to reduce uncertainty and improve outcomes."
an idea for automated data entry,"software that automates data entry by converting handwritten and typed documents into digital data with machine learning, reducing manual data entry errors and increasing processing speed."
an idea for home renovation planning,"a mobile app that transforms smartphone photos into fully measured 3D models of homes, making it easier for contractors and homeowners to plan renovations with accurate home measurements."
an idea for automating network reliability,"software that automates network reliability and security, providing real-time network analysis and verification to ensure robust infrastructure maintenance."
an idea for cloud security,"a comprehensive security platform for cloud, network, and data protection, ensuring secure access to cloud applications and protecting sensitive data."
an idea for fraud detection in insurance,"AI-powered fraud detection solutions for the insurance industry, utilizing machine learning to identify and prevent fraudulent claims and reduce losses."
an idea for personalized customer experiences,"a platform that empowers brands to deliver personalized customer experiences using data-driven insights, integrating various data sources for targeted marketing and engagement."
an idea for affordable internet in underserved regions,"next-generation internet satellites to provide affordable and reliable internet access to underserved regions, leveraging advanced satellite technology to bridge the digital divide."
an idea for telehealth services,"telehealth services with personalized treatment plans, connecting patients with doctors for online consultations and delivering prescribed medications directly to their homes."
an idea for early wage access,"a financial app that allows users to access their earned wages before payday, promoting financial wellness by helping users avoid overdraft fees and payday loans."
an idea for peer-to-peer storage,"a peer-to-peer storage marketplace that connects people with extra storage space to those in need, offering a cost-effective and convenient alternative to traditional storage units."
an idea for rapid prototyping and production,"a digital manufacturing ecosystem that connects engineers with manufacturers for rapid prototyping and production, streamlining the manufacturing process for faster turnaround times and higher quality."
an idea for API connectivity,"a next-generation API platform for modern architectures, enabling seamless connectivity between services and enhancing scalability and performance."
an idea for home renovation planning,"a mobile app that transforms smartphone photos into fully measured 3D models of homes, making it easier for contractors and homeowners to plan renovations with accurate home measurements."
an idea for car sharing,"a car-sharing marketplace that allows users to rent vehicles from local hosts, offering a wide range of cars and flexible rental options as an alternative to traditional car rental services."
an idea for eco-friendly footwear,"environmentally friendly and comfortable footwear created from natural materials, with a commitment to sustainability and innovative design."
an idea for purchasing event tickets,"a user-friendly interface to help users find and purchase tickets for live events, including features like interactive seat maps and comprehensive event listings."
an idea for digitizing manufacturing,"a frontline operations platform designed to digitize manual processes in manufacturing and operations, allowing businesses to create custom apps for real-time monitoring and process optimization."
an idea for residential solar optimization,"solar power solutions integrating SaaS and data visualization to optimize residential solar installations, advancing sustainable energy technology."
an idea for integrating cryptocurrency in banking,"a secure and compliant platform enabling banks to offer cryptocurrency services to their customers, bridging the gap between traditional banking and digital currencies."
an idea for managing customer interactions,"a platform for local businesses to manage customer interactions and enhance their online presence with tools for messaging, reviews, and payment solutions."
an idea for an AI healthcare assistant,"an AI-powered healthcare assistant that guides users through their symptoms to find the right care, providing personalized health information to reduce uncertainty and improve outcomes."
an idea for automating data entry,"software that automates data entry by converting handwritten and typed documents into digital data with machine learning, reducing manual data entry errors and increasing processing speed."
an idea for network reliability and security,"network automation software that ensures network reliability and security, providing real-time network analysis and verification for robust network infrastructure maintenance."
an idea for managing digital presence,"a platform to help businesses manage their digital presence and ensure accurate information across online platforms, enhancing searchability and visibility to drive customer engagement."
an idea for biotechnology research,"cloud-based software for biotechnology research and development, streamlining lab workflows, data management, and collaboration to accelerate biotech innovation."
an idea for global payroll and compliance,"a platform that handles global payroll, compliance, and benefits, enabling companies to employ anyone, anywhere by simplifying the complexities of international hiring for remote teams."
an idea for cryptocurrency services in banks,"a secure and compliant platform enabling banks to offer cryptocurrency services to their customers, bridging the gap between traditional banking and digital currencies."
an idea for an AI healthcare assistant,"an AI-powered healthcare assistant that guides users through their symptoms to find the right care, providing personalized health information to reduce uncertainty and improve outcomes."
an idea for automating data entry,"software that automates data entry by converting handwritten and typed documents into digital data with machine learning, reducing manual data entry errors and increasing processing speed."
an idea for home renovation planning,"a mobile app that transforms smartphone photos into fully measured 3D models of homes, making it easier for contractors and homeowners to plan renovations with accurate home measurements."
an idea for car sharing,"a car-sharing marketplace that allows users to rent vehicles from local hosts, offering a wide range of cars and flexible rental options as an alternative to traditional car rental services."
an idea for eco-friendly footwear,"environmentally friendly and comfortable footwear created from natural materials, with a commitment to sustainability and innovative design."
an idea for event ticketing,"a user-friendly interface to help users find and purchase tickets for live events, including features like interactive seat maps and comprehensive event listings."
an idea for digitizing manufacturing processes,"a frontline operations platform designed to digitize manual processes in manufacturing and operations, allowing businesses to create custom apps for real-time monitoring and process optimization."
an idea for affordable internet access,"next-generation internet satellites to provide affordable and reliable internet access to underserved regions, leveraging advanced satellite technology to bridge the digital divide."
an idea for personalized telehealth,"telehealth services with personalized treatment plans, connecting patients with doctors for online consultations and delivering prescribed medications directly to their homes."
an idea for early wage access,"a financial app that allows users to access their earned wages before payday, promoting financial wellness by helping users avoid overdraft fees and payday loans."
an idea for peer-to-peer storage,"a peer-to-peer storage marketplace that connects people with extra storage space to those in need, offering a cost-effective and convenient alternative to traditional storage units."
an idea for digital manufacturing,"a digital manufacturing ecosystem that connects engineers with manufacturers for rapid prototyping and production, streamlining the manufacturing process for faster turnaround times and higher quality."
an idea for network reliability,"network automation software that ensures network reliability and security, providing real-time network analysis and verification for robust network infrastructure maintenance."
an idea for API performance,"a next-generation API platform for modern architectures, enabling seamless connectivity between services and enhancing scalability and performance."
an idea for fraud prevention,"AI-powered fraud detection solutions for the insurance industry, using machine learning to identify and prevent fraudulent claims, reducing losses for insurers."
an idea for managing digital presence,"a platform to help businesses manage their digital presence and ensure accurate information across online platforms, enhancing searchability and visibility to drive customer engagement."
an idea for biotech innovation,"cloud-based software for biotechnology research and development, streamlining lab workflows, data management, and collaboration to accelerate biotech innovation."
an idea for global payroll,"a platform that handles global payroll, compliance, and benefits, enabling companies to employ anyone, anywhere by simplifying the complexities of international hiring for remote teams."
an idea for residential solar,"solar power solutions integrating SaaS and data visualization to optimize residential solar installations, advancing sustainable energy technology."
an idea for banking and cryptocurrency,"a secure and compliant platform enabling banks to offer cryptocurrency services to their customers, bridging the gap between traditional banking and digital currencies."
an idea for local business tools,"a platform for local businesses to manage customer interactions and enhance their online presence with tools for messaging, reviews, and payment solutions."
an idea for healthcare assistant,"an AI-powered healthcare assistant that guides users through their symptoms to find the right care, providing personalized health information to reduce uncertainty and improve outcomes."
an idea for automated data entry,"software that automates data entry by converting handwritten and typed documents into digital data with machine learning, reducing manual data entry errors and increasing processing speed."
